TenureGroup,用户数,流失人数,流失率,平均订单数,平均返现
0-12个月,3552,846,0.23817567567567569,2.5565878378378377,159.9877224099099
13-24个月,1574,102,0.06480304955527319,3.644853875476493,200.7232528589581
25-36个月,500,0,0.0,3.698,225.29074
36个月以上,4,0,0.0,2.0,226.375
